类型,类型说明,中文名称,技术ID,原始标识,分类,使用用途,调用方式,源版本,目录
agent,Agent 内容能力,发布前检查清单助手,clipmind-agent-publish-checklist,publish-checklist,发布与投放,"把待发布内容转成发布前人工检查清单。会检查标题、封面、正文、素材授权、平台适配、风险表达和发布后监控点,只做准备建议不自动发布。",$clipmind-agent-publish-checklist,2026.05.18,skills/clipmind-agent-publish-checklist/
agent,Agent 内容能力,发布排期顾问,clipmind-agent-launch-advisor,launch-advisor,发布与投放,"为待发布内容设计平台适配、发布时间窗口、标题版本和发布前检查。需要内容稿、平台目标和历史表现,会给出排期建议和发布后观察重点,不自动发布。",$clipmind-agent-launch-advisor,2026.05.18,skills/clipmind-agent-launch-advisor/
agent,Agent 内容能力,多平台发布准备助手,clipmind-agent-multi-platform-publish-prep,multi-platform-publish-prep,发布与投放,"把一条已确认内容整理成多平台发布前准备清单。需要内容稿、平台列表和发布时间约束,会输出版本差异、检查清单和人工发布建议。",$clipmind-agent-multi-platform-publish-prep,2026.05.18,skills/clipmind-agent-multi-platform-publish-prep/
agent,Agent 内容能力,平台偏好分析助手,clipmind-agent-platform-preference-analysis,platform-preference-analysis,发布与投放,"分析不同平台对标题、开头、结构、内容长度和互动方式的偏好。需要样本和目标平台,会输出平台差异、适配建议和验证动作。",$clipmind-agent-platform-preference-analysis,2026.05.18,skills/clipmind-agent-platform-preference-analysis/
agent,Agent 内容能力,投放数据分析顾问,clipmind-agent-monitor-analyst,monitor-analyst,发布与投放,"解读 2h、24h、72h 的曝光、互动、转化和反馈数据。需要监控数据和发布目标,会输出表现判断、异常原因、补数需求和人工下一步动作。",$clipmind-agent-monitor-analyst,2026.05.18,skills/clipmind-agent-monitor-analyst/
agent,Agent 内容能力,热点监控助手,clipmind-agent-hotspot-monitoring-plan,hotspot-monitoring-plan,发布与投放,"设计人工可执行的热点监控策略。需要行业、平台、关键词和风险边界,会输出监控主题、样本记录表、响应分级和人工处理建议。",$clipmind-agent-hotspot-monitoring-plan,2026.05.18,skills/clipmind-agent-hotspot-monitoring-plan/
agent,Agent 内容能力,自动投流建议助手,clipmind-agent-ad-spend-recommendation,ad-spend-recommendation,发布与投放,"基于内容目标、监控数据和预算约束生成投流建议草案。第一批只做建议和人工检查清单,不会自动调整预算、创建计划或执行投放。",$clipmind-agent-ad-spend-recommendation,2026.05.18,skills/clipmind-agent-ad-spend-recommendation/
agent,Agent 内容能力,AI 配图文案助手,clipmind-agent-ai-visual-copy-brief,ai-visual-copy-brief,图文与笔记,"把内容主题转成配图方向、画面关键词、图文卡标题和视觉文案 brief。适合给设计或图片生成工具做输入,第一批只输出方案和文案,不直接生成图片。",$clipmind-agent-ai-visual-copy-brief,2026.05.18,skills/clipmind-agent-ai-visual-copy-brief/
agent,Agent 内容能力,小红书图文生成助手,clipmind-agent-xhs-graphic-note,xhs-graphic-note,图文与笔记,"把主题、目标用户和素材线索整理成一篇小红书图文笔记方案。会给出封面标题、6-10 页分镜、正文、话题标签和素材清单,适合从想法快速进入可拍可排的草案。",$clipmind-agent-xhs-graphic-note,2026.05.18,skills/clipmind-agent-xhs-graphic-note/
agent,Agent 内容能力,小红书评论区回复助手,clipmind-agent-xhs-comment-reply,xhs-comment-reply,图文与笔记,"根据评论内容、账号语气和业务边界生成可人工挑选的回复草案。适合处理咨询、质疑、共鸣和负面评论,只提供话术候选,不自动评论。",$clipmind-agent-xhs-comment-reply,2026.05.18,skills/clipmind-agent-xhs-comment-reply/
agent,Agent 内容能力,小红书运营策略专家,clipmind-agent-xhs-strategy,xhs-strategy,图文与笔记,"围绕账号定位、目标用户、选题方向和笔记结构制定小红书运营建议。需要 IP 档案、历史内容或竞品线索,会输出栏目打法、增长动作和资料缺口。",$clipmind-agent-xhs-strategy,2026.05.18,skills/clipmind-agent-xhs-strategy/
agent,Agent 内容能力,小红书选题灵感助手,clipmind-agent-xhs-topic-inspiration,xhs-topic-inspiration,图文与笔记,"从用户痛点、平台热点、账号定位和素材线索里生成小红书选题灵感。适合扩充笔记题库,会给出选题角度、标题方向、素材需求和适合验证的用户情绪。",$clipmind-agent-xhs-topic-inspiration,2026.05.18,skills/clipmind-agent-xhs-topic-inspiration/
agent,Agent 内容能力,复盘归因专家,clipmind-agent-retrospect,retrospect,复盘与汇报,把发布目标、监控数据、人工反馈和内容样本整理成复盘草案。会区分事实、假设、证据缺口、可复用经验和下轮调整建议。,$clipmind-agent-retrospect,2026.05.18,skills/clipmind-agent-retrospect/
agent,Agent 内容能力,客户汇报生成助手,clipmind-agent-client-report,client-report,复盘与汇报,"把项目进展、内容结果、数据观察和下一步计划整理成客户汇报草案。需要事实数据和项目目标,会输出摘要、进展、问题、建议和待确认事项。",$clipmind-agent-client-report,2026.05.18,skills/clipmind-agent-client-report/
agent,Agent 内容能力,数据复盘助手,clipmind-agent-data-review,data-review,复盘与汇报,"把曝光、互动、收藏、评论、私信或成交数据整理成复盘草案。需要数据和内容目标,会输出表现判断、原因假设、补数需求和下一步实验。",$clipmind-agent-data-review,2026.05.18,skills/clipmind-agent-data-review/
agent,Agent 内容能力,方法库沉淀顾问,clipmind-agent-method-builder,method-builder,复盘与汇报,"把复盘中确认有效的经验整理成方法资产候选。需要样本、证据和适用边界,会输出方法名称、步骤、证据来源、限制条件和审核清单。",$clipmind-agent-method-builder,2026.05.18,skills/clipmind-agent-method-builder/
agent,Agent 内容能力,风向变化助手,clipmind-agent-trend-shift-watch,trend-shift-watch,复盘与汇报,"整理平台表达、用户情绪、竞品动作或内容数据里的变化信号。需要样本和时间范围,会输出变化线索、证据强度、影响判断和观察动作。",$clipmind-agent-trend-shift-watch,2026.05.18,skills/clipmind-agent-trend-shift-watch/
agent,Agent 内容能力,小红书爆款拆解助手,clipmind-agent-xhs-viral-breakdown,xhs-viral-breakdown,爆款拆解,"拆解小红书爆款笔记的封面、标题、正文结构、评论反馈和可复用打法。需要样本内容或链接摘要,会输出适配当前账号的复刻建议和不能照搬的风险。",$clipmind-agent-xhs-viral-breakdown,2026.05.18,skills/clipmind-agent-xhs-viral-breakdown/
agent,Agent 内容能力,小红书采集方案助手,clipmind-agent-xhs-collection-plan,xhs-collection-plan,爆款拆解,"为小红书公开样本研究设计人工采集和整理方案。需要研究目标和样本范围,会输出采样维度、记录字段、风险提醒和人工导入建议。",$clipmind-agent-xhs-collection-plan,2026.05.18,skills/clipmind-agent-xhs-collection-plan/
agent,Agent 内容能力,情绪拆解助手,clipmind-agent-emotion-breakdown,emotion-breakdown,爆款拆解,"拆解内容或用户反馈里的情绪触发点,识别焦虑、身份认同、希望、优越感、后悔等表达。需要文本样本和目标用户,会输出情绪地图和内容应用建议。",$clipmind-agent-emotion-breakdown,2026.05.18,skills/clipmind-agent-emotion-breakdown/
agent,Agent 内容能力,抖音采集方案助手,clipmind-agent-douyin-collection-plan,douyin-collection-plan,爆款拆解,"为抖音公开视频样本研究设计人工采集和拆解方案。需要主题、账号范围和分析目标,会输出采样字段、拆解维度和人工复核清单。",$clipmind-agent-douyin-collection-plan,2026.05.18,skills/clipmind-agent-douyin-collection-plan/
agent,Agent 内容能力,爆款视频拆解分析 Agent,clipmind-agent-viral-video-breakdown-analysis,viral-video-breakdown-analysis,爆款拆解,"基于用户提供的视频链接自动获取视频上下文,重点拆解它怎么拍、怎么剪、怎么讲、为什么爆,并生成可人工确认的套路候选和不可照搬边界。",$clipmind-agent-viral-video-breakdown-analysis,2026.05.19,skills/clipmind-agent-viral-video-breakdown-analysis/
agent,Agent 内容能力,视频号采集方案助手,clipmind-agent-wechat-video-collection-plan,wechat-video-collection-plan,爆款拆解,"为视频号公开内容样本研究设计人工采集和整理方案。需要研究目标、样本范围和拆解重点,会输出记录字段、分析维度和风险提醒。",$clipmind-agent-wechat-video-collection-plan,2026.05.18,skills/clipmind-agent-wechat-video-collection-plan/
agent,Agent 内容能力,评论区洞察助手,clipmind-agent-comment-insight,comment-insight,爆款拆解,"从评论文本、私信摘要或社群反馈里提炼用户问题、情绪和转化信号。需要评论样本和内容背景,会输出高频问题、情绪词、选题机会和承接建议。",$clipmind-agent-comment-insight,2026.05.18,skills/clipmind-agent-comment-insight/
agent,Agent 内容能力,B站内容策划助手,clipmind-agent-bilibili-planner,bilibili-planner,短视频脚本,"把专业主题策划成 B站中长视频内容。需要主题、受众基础和资料来源,会产出标题、分 P 结构、讲解重点、资料清单和互动设计。",$clipmind-agent-bilibili-planner,2026.05.18,skills/clipmind-agent-bilibili-planner/
agent,Agent 内容能力,抖音短视频脚本助手,clipmind-agent-douyin-script,douyin-script,短视频脚本,把主题、目标用户和素材整理成适合抖音节奏的短视频脚本。会给出 3 秒开场、分段口播、画面建议、互动引导和人工审核点。,$clipmind-agent-douyin-script,2026.05.18,skills/clipmind-agent-douyin-script/
agent,Agent 内容能力,短视频内容策略专家,clipmind-agent-short-video-strategy,short-video-strategy,短视频脚本,"把 IP 定位、用户痛点和平台节奏转成短视频内容打法。需要阶段目标、用户问题和可拍素材,会产出内容主张、栏目矩阵、脚本方向和素材优先级。",$clipmind-agent-short-video-strategy,2026.05.18,skills/clipmind-agent-short-video-strategy/
agent,Agent 内容能力,脚本与口播优化专家,clipmind-agent-script-polish,script-polish,短视频脚本,"检查脚本结构、开头钩子、口语表达、证据和收口行动。需要原稿或 brief,会输出逐段修改建议、风险提醒和可直接人工改稿的候选文案。",$clipmind-agent-script-polish,2026.05.18,skills/clipmind-agent-script-polish/
agent,Agent 内容能力,视频号人设脚本助手,clipmind-agent-wechat-video-script,wechat-video-script,短视频脚本,"围绕创始人或专家人设生成视频号脚本。需要人设定位、观点主题和客户场景,会输出更稳重可信的口播结构、故事切入和转化承接提醒。",$clipmind-agent-wechat-video-script,2026.05.18,skills/clipmind-agent-wechat-video-script/
agent,Agent 内容能力,长文转短视频脚本助手,clipmind-agent-longform-to-short-video,longform-to-short-video,短视频脚本,"把长文、文章摘要、直播纪要或课程笔记压缩成短视频脚本。需要原文重点、目标用户和平台,会输出短视频主线、开场钩子、分段口播和可拍素材建议。",$clipmind-agent-longform-to-short-video,2026.05.18,skills/clipmind-agent-longform-to-short-video/
agent,Agent 内容能力,事实核查助手,clipmind-agent-fact-check,fact-check,研究与洞察,"检查草稿里的事实、数字、案例和强结论是否有依据。需要草稿和来源材料,会输出已证实、存疑、高风险、建议改写和补证清单。",$clipmind-agent-fact-check,2026.05.18,skills/clipmind-agent-fact-check/
agent,Agent 内容能力,公开资料研究助手,clipmind-agent-public-research,public-research,研究与洞察,"整理用户粘贴的公开网页、文章、视频字幕或资料摘要。会提炼事实、观点、引用线索、可用于内容的证据和需要继续核验的问题,不做爬虫或登录采集。",$clipmind-agent-public-research,2026.05.18,skills/clipmind-agent-public-research/
agent,Agent 内容能力,内容可信度评分助手,clipmind-agent-content-credibility-score,content-credibility-score,研究与洞察,"对草稿的事实依据、引用完整度、案例可信度和夸大风险做评分。需要草稿和证据材料,会输出评分、扣分原因、补证建议和保守改写。",$clipmind-agent-content-credibility-score,2026.05.18,skills/clipmind-agent-content-credibility-score/
agent,Agent 内容能力,引用管理助手,clipmind-agent-citation-manager,citation-manager,研究与洞察,"把用户提供的来源整理成可用于内容或汇报的引用清单。需要链接、标题、发布时间或摘录,会输出引用完整度、缺失项和使用建议。",$clipmind-agent-citation-manager,2026.05.18,skills/clipmind-agent-citation-manager/
agent,Agent 内容能力,用户画像分析助手,clipmind-agent-user-persona-analysis,user-persona-analysis,研究与洞察,从访谈、评论、成交记录或内容互动里整理用户画像。会输出用户层级、痛点、动机、消费能力、内容偏好和需要继续验证的问题。,$clipmind-agent-user-persona-analysis,2026.05.18,skills/clipmind-agent-user-persona-analysis/
agent,Agent 内容能力,用户痛点洞察助手,clipmind-agent-pain-point-insight,pain-point-insight,研究与洞察,从访谈、评论、社群记录或客户 brief 中提炼用户痛点。会区分显性问题、深层动机、情绪词、内容机会和需要继续访谈的问题。,$clipmind-agent-pain-point-insight,2026.05.18,skills/clipmind-agent-pain-point-insight/
agent,Agent 内容能力,竞品账号拆解助手,clipmind-agent-competitor-account-breakdown,competitor-account-breakdown,研究与洞察,"拆解竞品账号的定位、栏目、内容结构、爆款样本和承接方式。需要公开资料或人工整理摘要,会输出可学习点、差异化机会和不建议照搬的边界。",$clipmind-agent-competitor-account-breakdown,2026.05.18,skills/clipmind-agent-competitor-account-breakdown/
agent,Agent 内容能力,舆情分析助手,clipmind-agent-public-opinion-analysis,public-opinion-analysis,研究与洞察,"分析用户提供的公开评论、社群摘要或新闻讨论,识别舆情主题、情绪倾向、风险点和回应建议。第一批只处理用户提供样本。",$clipmind-agent-public-opinion-analysis,2026.05.18,skills/clipmind-agent-public-opinion-analysis/
agent,Agent 内容能力,行业研究助手,clipmind-agent-industry-research,industry-research,研究与洞察,"把行业资料、报告摘要、竞品信息和用户变化整理成内容可用的研究结论。需要资料来源和研究问题,会输出趋势、机会、风险和引用线索。",$clipmind-agent-industry-research,2026.05.18,skills/clipmind-agent-industry-research/
agent,Agent 内容能力,行业资料检索助手,clipmind-agent-industry-material-search-plan,industry-material-search-plan,研究与洞察,"为某个行业问题设计资料检索方案和引用结构。需要研究问题和使用场景,会输出检索关键词、来源类型、筛选标准和人工核验清单。",$clipmind-agent-industry-material-search-plan,2026.05.18,skills/clipmind-agent-industry-material-search-plan/
agent,Agent 内容能力,观点溯源助手,clipmind-agent-viewpoint-source-tracing,viewpoint-source-tracing,研究与洞察,"帮助判断一个观点来自一手资料、二手转述还是个人推断。需要观点和已知来源,会输出来源层级、传播风险、原始来源候选和核验动作。",$clipmind-agent-viewpoint-source-tracing,2026.05.18,skills/clipmind-agent-viewpoint-source-tracing/
agent,Agent 内容能力,证据链生成助手,clipmind-agent-evidence-chain-builder,evidence-chain-builder,研究与洞察,"把观点、案例和资料整理成观点到证据再到来源的证据链。需要用户提供资料或公开来源摘要,会输出支持证据、反证风险、缺口和引用建议。",$clipmind-agent-evidence-chain-builder,2026.05.18,skills/clipmind-agent-evidence-chain-builder/
agent,Agent 内容能力,采访方案生成器,clipmind-agent-interview-plan,interview-plan,研究与洞察,"为客户、创始人、用户或案例对象生成采访提纲。需要采访目标和背景资料,会输出问题分组、追问方向、证据采集点和禁问提醒。",$clipmind-agent-interview-plan,2026.05.18,skills/clipmind-agent-interview-plan/
agent,Agent 内容能力,内容改写润色助手,clipmind-agent-content-rewrite-polish,content-rewrite-polish,表达与改写,"把已有文案、脚本或笔记改写成更清楚、更口语或更适合平台的版本。需要原文和目标风格,会输出改写稿、保留点、改动说明和风险表达。",$clipmind-agent-content-rewrite-polish,2026.05.18,skills/clipmind-agent-content-rewrite-polish/
agent,Agent 内容能力,多平台改写助手,clipmind-agent-multi-platform-rewrite,multi-platform-rewrite,表达与改写,"把同一段内容改写成小红书、抖音、视频号、公众号或朋友圈版本。需要原文、目标平台和边界,会输出不同平台的表达重点、标题和正文候选。",$clipmind-agent-multi-platform-rewrite,2026.05.18,skills/clipmind-agent-multi-platform-rewrite/
agent,Agent 内容能力,开头钩子分析助手,clipmind-agent-opening-hook-analysis,opening-hook-analysis,表达与改写,"分析短视频、图文或直播开头是否能抓住用户。需要开头文本、平台和目标用户,会输出停留点、冲突点、替代钩子和风险提醒。",$clipmind-agent-opening-hook-analysis,2026.05.18,skills/clipmind-agent-opening-hook-analysis/
agent,Agent 内容能力,标题与钩子生成助手,clipmind-agent-title-hook-generator,title-hook-generator,表达与改写,"为图文、短视频、直播或私域内容生成标题和开场钩子。需要主题、目标用户和平台,会输出多种角度版本、适用场景和夸大风险提醒。",$clipmind-agent-title-hook-generator,2026.05.18,skills/clipmind-agent-title-hook-generator/
agent,Agent 内容能力,CTA 优化助手,clipmind-agent-cta-optimizer,cta-optimizer,转化承接,"优化内容结尾、评论引导、私信承接或资料领取动作。需要内容目标和产品边界,会输出多个 CTA 版本、适用场景和风险提醒。",$clipmind-agent-cta-optimizer,2026.05.18,skills/clipmind-agent-cta-optimizer/
agent,Agent 内容能力,产品力可视化助手,clipmind-agent-product-value-visualizer,product-value-visualizer,转化承接,"把产品卖点、服务流程或客户价值转成更容易理解的结构图、对比表或图文卡 brief。需要产品信息和目标用户,会输出视觉结构和文案要点。",$clipmind-agent-product-value-visualizer,2026.05.18,skills/clipmind-agent-product-value-visualizer/
agent,Agent 内容能力,朋友圈内容助手,clipmind-agent-moments-content,moments-content,转化承接,"基于《朋友圈运营内容发布方式方案》+《核心判断》方法论,把当前要发的事件 / 案例 / 客户诊断 / 观点写成朋友圈条目。每条都明确归属 5 主线之一(诊断 30% / 营销认知 25% / 产品教育 15% / 案例变化 20% / 老板状态 10%)、6 类信任内容之一、套信任型爆款公式、带 2 钩子,产出可直接发的内容草稿。",$clipmind-agent-moments-content,2026.05.18,skills/clipmind-agent-moments-content/
agent,Agent 内容能力,私域营销策略助手,clipmind-agent-private-marketing-strategy,private-marketing-strategy,转化承接,"设计从内容触达到私域转化的整体策略。需要产品、目标用户、私域入口和历史线索,会输出用户分层、触达节奏、内容承接和人工执行清单。",$clipmind-agent-private-marketing-strategy,2026.05.18,skills/clipmind-agent-private-marketing-strategy/
agent,Agent 内容能力,私域转化顾问,clipmind-agent-private-conversion,private-conversion,转化承接,"设计内容发布后的承接入口、用户分层、私域话术和产品连接。需要产品信息、目标用户和内容主题,会输出承接路径与人工确认清单。",$clipmind-agent-private-conversion,2026.05.18,skills/clipmind-agent-private-conversion/
agent,Agent 内容能力,转化路径诊断助手,clipmind-agent-conversion-path-diagnosis,conversion-path-diagnosis,转化承接,"诊断从内容曝光到评论、私信、咨询和成交的路径断点。需要内容、承接入口和反馈数据,会输出断点、假设、补齐动作和人工确认建议。",$clipmind-agent-conversion-path-diagnosis,2026.05.18,skills/clipmind-agent-conversion-path-diagnosis/
agent,Agent 内容能力,内容排期助手,clipmind-agent-content-schedule-planner,content-schedule-planner,选题与计划,"把选题池、阶段目标和团队产能整理成内容周期建议。需要选题、平台和发布节奏,会输出周期安排、内容角色、生产优先级和人工确认点。",$clipmind-agent-content-schedule-planner,2026.05.18,skills/clipmind-agent-content-schedule-planner/
agent,Agent 内容能力,内容矩阵规划助手,clipmind-agent-content-matrix-planner,content-matrix-planner,选题与计划,"规划主号、矩阵号、栏目和内容分工。需要品牌目标、平台、人群和产能,会输出矩阵角色、内容分层、协作节奏和风险边界。",$clipmind-agent-content-matrix-planner,2026.05.18,skills/clipmind-agent-content-matrix-planner/
agent,Agent 内容能力,内容缺口分析助手,clipmind-agent-content-gap-analysis,content-gap-analysis,选题与计划,"对比用户痛点、已有内容、竞品和素材,找出当前内容体系缺少的主题和证据。需要内容清单或摘要,会输出缺口、优先级和补齐建议。",$clipmind-agent-content-gap-analysis,2026.05.18,skills/clipmind-agent-content-gap-analysis/
agent,Agent 内容能力,内容选题策划专家,clipmind-agent-topic-planner,topic-planner,选题与计划,"围绕目标用户、痛点和阶段目标生成可进入内容计划的选题池。需要 IP 档案和素材缺口,会输出主题、标题方向、用户情绪、平台适配和拍摄准备。",$clipmind-agent-topic-planner,2026.05.18,skills/clipmind-agent-topic-planner/
governance,治理评审,Agent 意图路由,clipmind-governance-agent-intent-routing-v1,agent_intent_routing.v1,质量治理评审,"根据用户问题选择合适 Agent 或工作流分类,并识别是否需要收束需求。",$clipmind-governance-agent-intent-routing-v1,v1,skills/clipmind-governance-agent-intent-routing-v1/
governance,治理评审,IP 一致性判断,clipmind-governance-ip-consistency-v1,ip_consistency.v1,质量治理评审,判断输出是否贴合当前身份定位、目标用户、用户痛点、内容主张和内容禁忌。,$clipmind-governance-ip-consistency-v1,v1,skills/clipmind-governance-ip-consistency-v1/
governance,治理评审,Skill 治理与样本评估,clipmind-governance-skill-governance-eval-v1,skill_governance_eval.v1,质量治理评审,"管理 Skill 版本、样本、通过率和低质量反馈,只在治理区展示。",$clipmind-governance-skill-governance-eval-v1,v1,skills/clipmind-governance-skill-governance-eval-v1/
governance,治理评审,内容生成轻量参考,clipmind-governance-content-generation-reference-v1,content_generation_reference.v1,质量治理评审,"将场景、痛点层级、表达结构、变量填充和边界检查作为内容生成类 Prompt/Agent 的内部参考,提升草案具体度而不新增用户模块。",$clipmind-governance-content-generation-reference-v1,v1,skills/clipmind-governance-content-generation-reference-v1/
governance,治理评审,内容禁忌与风险边界,clipmind-governance-content-boundary-v1,content_boundary.v1,质量治理评审,识别承诺收益、夸大表达、焦虑放大、案例编造、平台违规和客户隐私风险。,$clipmind-governance-content-boundary-v1,v1,skills/clipmind-governance-content-boundary-v1/
governance,治理评审,发布准备检查,clipmind-governance-publish-readiness-v1,publish_readiness.v1,质量治理评审,检查平台、版本、时间、素材授权和风险确认是否齐备。,$clipmind-governance-publish-readiness-v1,v1,skills/clipmind-governance-publish-readiness-v1/
governance,治理评审,发布排期一致性,clipmind-governance-schedule-consistency-v1,schedule_consistency.v1,质量治理评审,保证内容计划、最终发布时间和发布排期显示一致。,$clipmind-governance-schedule-consistency-v1,v1,skills/clipmind-governance-schedule-consistency-v1/
governance,治理评审,复盘学习与方法沉淀,clipmind-governance-retrospect-learning-v1,retrospect_learning.v1,质量治理评审,从表现数据、人工判断和业务结果中形成下周期调整与方法库候选。,$clipmind-governance-retrospect-learning-v1,v1,skills/clipmind-governance-retrospect-learning-v1/
governance,治理评审,平台表达适配,clipmind-governance-platform-expression-v1,platform_expression.v1,质量治理评审,根据平台调整内容节奏、长度、标题、语气、CTA 和发布前检查点。,$clipmind-governance-platform-expression-v1,v1,skills/clipmind-governance-platform-expression-v1/
governance,治理评审,归因证据判断,clipmind-governance-attribution-evidence-v1,attribution_evidence.v1,质量治理评审,"区分真实数据、人工判断和推测,避免误沉淀方法。",$clipmind-governance-attribution-evidence-v1,v1,skills/clipmind-governance-attribution-evidence-v1/
governance,治理评审,当前 IP 上下文路由,clipmind-governance-current-ip-context-routing-v1,current_ip_context_routing.v1,质量治理评审,"默认结合当前客户/IP 上下文回答,同时识别泛问题、跨 IP 意图和权限边界。",$clipmind-governance-current-ip-context-routing-v1,v1,skills/clipmind-governance-current-ip-context-routing-v1/
governance,治理评审,方法资产治理,clipmind-governance-method-asset-governance-v1,method_asset_governance.v1,质量治理评审,判断方法是否可沉淀、适用哪些 IP/平台和是否要迭代。,$clipmind-governance-method-asset-governance-v1,v1,skills/clipmind-governance-method-asset-governance-v1/
governance,治理评审,爆款结构拆解,clipmind-governance-viral-structure-v1,viral_structure.v1,质量治理评审,沉淀标题、开头、情绪推进、结构转折、证据摆放和转化收口的可复用方法。,$clipmind-governance-viral-structure-v1,v1,skills/clipmind-governance-viral-structure-v1/
governance,治理评审,生产路径判断,clipmind-governance-production-path-routing-v1,production_path_routing.v1,质量治理评审,"判断任务走已有文稿直接生产,还是从素材召回生成。",$clipmind-governance-production-path-routing-v1,v1,skills/clipmind-governance-production-path-routing-v1/
governance,治理评审,监控信号判断,clipmind-governance-monitor-signal-judgement-v1,monitor_signal_judgement.v1,质量治理评审,基于 2h/24h/72h 数据判断异常、机会和调整方向。,$clipmind-governance-monitor-signal-judgement-v1,v1,skills/clipmind-governance-monitor-signal-judgement-v1/
governance,治理评审,策略草案综合,clipmind-governance-strategy-synthesis-v1,strategy_synthesis.v1,质量治理评审,把档案、资料、方法和用户目标整理成本轮策略草稿。,$clipmind-governance-strategy-synthesis-v1,v1,skills/clipmind-governance-strategy-synthesis-v1/
governance,治理评审,素材证据链判断,clipmind-governance-evidence-chain-v1,evidence_chain.v1,质量治理评审,"判断观点、素材、事实、证据缺口和来源可靠性,避免把假设包装成事实。",$clipmind-governance-evidence-chain-v1,v1,skills/clipmind-governance-evidence-chain-v1/
governance,治理评审,素材贴合与反幻觉,clipmind-governance-material-grounding-guard-v1,material_grounding_guard.v1,质量治理评审,"检查输出是否真正来自上传资料,阻止通用经验冒充资料结论。",$clipmind-governance-material-grounding-guard-v1,v1,skills/clipmind-governance-material-grounding-guard-v1/
governance,治理评审,自然度审校与 IP 语气校准,clipmind-governance-naturalness-voice-calibration-v1,naturalness_voice_calibration.v1,质量治理评审,对 Agent 和生产输出做去 AI 味、当前 IP 语气和自然表达校准。,$clipmind-governance-naturalness-voice-calibration-v1,v1,skills/clipmind-governance-naturalness-voice-calibration-v1/
governance,治理评审,行业变化可信检索,clipmind-governance-industry-change-retrieval-v1,industry_change_retrieval.v1,质量治理评审,"只在有可信来源、时间和适用边界时纳入行业变化,无来源不阻断主链路。",$clipmind-governance-industry-change-retrieval-v1,v1,skills/clipmind-governance-industry-change-retrieval-v1/
governance,治理评审,观点召回与可用性判断,clipmind-governance-viewpoint-recall-readiness-v1,viewpoint_recall_readiness.v1,质量治理评审,"判断素材观点是否足够进入生产下一步,并提供生成/重试观点入口语义。",$clipmind-governance-viewpoint-recall-readiness-v1,v1,skills/clipmind-governance-viewpoint-recall-readiness-v1/
governance,治理评审,观点提炼与素材标签,clipmind-governance-viewpoint-material-tagging-v1,viewpoint_material_tagging.v1,质量治理评审,"从资料中提炼观点、事实、案例、风险和适用场景,供生产召回使用。",$clipmind-governance-viewpoint-material-tagging-v1,v1,skills/clipmind-governance-viewpoint-material-tagging-v1/
governance,治理评审,购买/信任理由矩阵,clipmind-governance-purchase-reason-matrix-v1,purchase_reason_matrix.v1,质量治理评审,"提炼用户为什么相信、为什么行动、为什么现在行动,并区分理性理由与情绪触发。",$clipmind-governance-purchase-reason-matrix-v1,v1,skills/clipmind-governance-purchase-reason-matrix-v1/
governance,治理评审,资料理解与档案提炼,clipmind-governance-profile-material-understanding-v1,profile_material_understanding.v1,质量治理评审,"基于当前客户/IP 的建档资料统一提炼 8 个核心档案维度,并保留来源和人工确认边界。",$clipmind-governance-profile-material-understanding-v1,v1,skills/clipmind-governance-profile-material-understanding-v1/
governance,治理评审,资料读取与入库判断,clipmind-governance-material-ingestion-readiness-v1,material_ingestion_readiness.v1,质量治理评审,"判断资料是否可读、可入库、可用于建档或生产,并给出恢复动作。",$clipmind-governance-material-ingestion-readiness-v1,v1,skills/clipmind-governance-material-ingestion-readiness-v1/
governance,治理评审,选题生成与槽位拆解,clipmind-governance-topic-slot-generation-v1,topic_slot_generation.v1,质量治理评审,把阶段目标拆成对应数量的选题、槽位和发布节奏。,$clipmind-governance-topic-slot-generation-v1,v1,skills/clipmind-governance-topic-slot-generation-v1/
governance,治理评审,阶段式内容计划编排,clipmind-governance-stage-plan-orchestration-v1,stage_plan_orchestration.v1,质量治理评审,根据阶段数、日期、目标内容数和检查点生成阶段计划草稿。,$clipmind-governance-stage-plan-orchestration-v1,v1,skills/clipmind-governance-stage-plan-orchestration-v1/
image,生图能力,IP 形象,clipmind-image-char-ip,char-ip,人物IP,品牌吉祥物,$clipmind-image-char-ip,未单独声明,skills/clipmind-image-char-ip/
image,生图能力,二次元角色,clipmind-image-char-anime,char-anime,人物IP,动漫角色立绘,$clipmind-image-char-anime,未单独声明,skills/clipmind-image-char-anime/
image,生图能力,头像,clipmind-image-char-avatar,char-avatar,人物IP,社媒/名片头像,$clipmind-image-char-avatar,未单独声明,skills/clipmind-image-char-avatar/
image,生图能力,表情包,clipmind-image-char-emoji,char-emoji,人物IP,sticker 表情,$clipmind-image-char-emoji,未单独声明,skills/clipmind-image-char-emoji/
image,生图能力,信息图,clipmind-image-info-graphic,info-graphic,信息知识,结构化干货图,$clipmind-image-info-graphic,未单独声明,skills/clipmind-image-info-graphic/
image,生图能力,对比图,clipmind-image-info-compare,info-compare,信息知识,左右/前后对比,$clipmind-image-info-compare,未单独声明,skills/clipmind-image-info-compare/
image,生图能力,步骤教程图,clipmind-image-info-steps,info-steps,信息知识,分步骤说明,$clipmind-image-info-steps,未单独声明,skills/clipmind-image-info-steps/
image,生图能力,知识卡片,clipmind-image-info-knowledge,info-knowledge,信息知识,科普知识卡,$clipmind-image-info-knowledge,未单独声明,skills/clipmind-image-info-knowledge/
image,生图能力,金句卡,clipmind-image-info-quote,info-quote,信息知识,引用语录卡,$clipmind-image-info-quote,未单独声明,skills/clipmind-image-info-quote/
image,生图能力,公众号封面,clipmind-image-cover-wechat,cover-wechat,封面海报,横版头图,$clipmind-image-cover-wechat,未单独声明,skills/clipmind-image-cover-wechat/
image,生图能力,小红书封面,clipmind-image-cover-xhs,cover-xhs,封面海报,竖版爆款封面,$clipmind-image-cover-xhs,未单独声明,skills/clipmind-image-cover-xhs/
image,生图能力,文字海报,clipmind-image-poster-text,poster-text,封面海报,大字概念海报,$clipmind-image-poster-text,未单独声明,skills/clipmind-image-poster-text/
image,生图能力,短视频封面,clipmind-image-cover-video,cover-video,封面海报,竖版视频封面,$clipmind-image-cover-video,未单独声明,skills/clipmind-image-cover-video/
image,生图能力,节日海报,clipmind-image-poster-festival,poster-festival,封面海报,节日氛围图,$clipmind-image-poster-festival,未单独声明,skills/clipmind-image-poster-festival/
image,生图能力,3D 图标,clipmind-image-icon-3d,icon-3d,插画图标,圆润质感图标,$clipmind-image-icon-3d,未单独声明,skills/clipmind-image-icon-3d/
image,生图能力,Logo 概念,clipmind-image-icon-logo,icon-logo,插画图标,品牌标志草案,$clipmind-image-icon-logo,未单独声明,skills/clipmind-image-icon-logo/
image,生图能力,概念插画,clipmind-image-art-illust,art-illust,插画图标,叙事性插画,$clipmind-image-art-illust,未单独声明,skills/clipmind-image-art-illust/
image,生图能力,漫画分镜,clipmind-image-art-comic,art-comic,插画图标,多格连续漫画,$clipmind-image-art-comic,未单独声明,skills/clipmind-image-art-comic/
image,生图能力,产品场景图,clipmind-image-ecom-scene,ecom-scene,电商带货,生活场景种草,$clipmind-image-ecom-scene,未单独声明,skills/clipmind-image-ecom-scene/
image,生图能力,产品白底图,clipmind-image-ecom-white,ecom-white,电商带货,电商主图可上架,$clipmind-image-ecom-white,未单独声明,skills/clipmind-image-ecom-white/
image,生图能力,美食图,clipmind-image-ecom-food,ecom-food,电商带货,诱人美食摆盘,$clipmind-image-ecom-food,未单独声明,skills/clipmind-image-ecom-food/
image,生图能力,详情长图,clipmind-image-ecom-detail,ecom-detail,电商带货,卖点分段长拼图,$clipmind-image-ecom-detail,未单独声明,skills/clipmind-image-ecom-detail/
prompt,SOP 业务环节,会话标题摘要,clipmind-sop-agent-studio-title-summary,agent_studio/title_summary,Agent 工作台,从当前会话的真实主题和任务中生成简短、可检索且不夸大的中文标题。,$clipmind-sop-agent-studio-title-summary,1.1,skills/clipmind-sop-agent-studio-title-summary/
prompt,SOP 业务环节,语义审查（Agent 工作台）,clipmind-sop-agent-studio-s06-semantic-review,agent_studio/s06_semantic_review,Agent 工作台,审查 Agent 输出是否答对任务、引用真实材料、满足格式契约，并指出风险与修改方向。,$clipmind-sop-agent-studio-s06-semantic-review,vaultai-2026-07-20,skills/clipmind-sop-agent-studio-s06-semantic-review/
prompt,SOP 业务环节,语义精修（Agent 工作台）,clipmind-sop-agent-studio-s06-semantic-refine,agent_studio/s06_semantic_refine,Agent 工作台,在不改变原意和证据边界的前提下，精修 Agent 输出的结构、表达、可读性和行动建议。,$clipmind-sop-agent-studio-s06-semantic-refine,vaultai-2026-07-19,skills/clipmind-sop-agent-studio-s06-semantic-refine/
prompt,SOP 业务环节,IP 发展阶段建议,clipmind-sop-ip-s03-stage-advice,ip/s03_stage_advice,IP 档案与策略,根据已确认档案、内容表现和业务现状判断 IP 所处阶段，并给出阶段目标与下一步建议。,$clipmind-sop-ip-s03-stage-advice,vaultai-2026-06-29,skills/clipmind-sop-ip-s03-stage-advice/
prompt,SOP 业务环节,IP 语言风格提炼,clipmind-sop-ip-s-language-extract,ip/s_language_extract,IP 档案与策略,从真实表达材料中提炼 IP 的语气、句式、常用词、禁用表达和可复用原话示例。,$clipmind-sop-ip-s-language-extract,vaultai-2026-07-03.2,skills/clipmind-sop-ip-s-language-extract/
prompt,SOP 业务环节,建档资料辅助提炼,clipmind-sop-ip-s01-profile-extract-aux,ip/s01_profile_extract_aux,IP 档案与策略,从补充材料中提炼可进入 IP 档案的候选信息，标明来源、置信度、冲突和待确认项。,$clipmind-sop-ip-s01-profile-extract-aux,vaultai-2026-07-09.1,skills/clipmind-sop-ip-s01-profile-extract-aux/
prompt,SOP 业务环节,IP 陪跑简报,clipmind-sop-companion-briefing,companion/briefing,IP 陪跑,把当前 IP 档案、进展、待办、风险和最小下一步整理成操盘手可快速阅读的陪跑简报。,$clipmind-sop-companion-briefing,vaultai-2026-06-21,skills/clipmind-sop-companion-briefing/
prompt,SOP 业务环节,内容质量底线,clipmind-sop-core-s06-quality-floor,core/s06_quality_floor,全局质量底线,所有生产类 skill 共用的内容底线护栏(prepend)。,$clipmind-sop-core-s06-quality-floor,vaultai-2026-06-24,skills/clipmind-sop-core-s06-quality-floor/
prompt,SOP 业务环节,IP 故事表达规范,clipmind-sop-core-s06-ondemand-persona-story,core/s06_ondemand_persona_story,全局质量规范,基于真实经历和证据组织 IP 出场故事、转折与价值主张，不补造履历、结果或人物关系。,$clipmind-sop-core-s06-ondemand-persona-story,vaultai-2026-06-27,skills/clipmind-sop-core-s06-ondemand-persona-story/
prompt,SOP 业务环节,低成本下一步交付,clipmind-sop-core-s06-ondemand-low-effort-handoff,core/s06_ondemand_low_effort_handoff,全局质量规范,把复杂建议收束成用户现在就能执行的最小下一步，并说明所需材料与人工确认点。,$clipmind-sop-core-s06-ondemand-low-effort-handoff,未单独声明,skills/clipmind-sop-core-s06-ondemand-low-effort-handoff/
prompt,SOP 业务环节,完整交付物规范,clipmind-sop-core-s06-ondemand-deliverable,core/s06_ondemand_deliverable,全局质量规范,检查最终交付物是否覆盖任务目标、实际输入、完整正文、证据缺口、风险和人工确认点。,$clipmind-sop-core-s06-ondemand-deliverable,未单独声明,skills/clipmind-sop-core-s06-ondemand-deliverable/
prompt,SOP 业务环节,对话格式规范,clipmind-sop-core-s06-ondemand-chat-format,core/s06_ondemand_chat_format,全局质量规范,把按需回答约束成清楚、直接、可继续沟通的对话结构，避免堆砌内部字段和任务面板语。,$clipmind-sop-core-s06-ondemand-chat-format,vaultai-2026-06-27,skills/clipmind-sop-core-s06-ondemand-chat-format/
prompt,SOP 业务环节,用户触达评分规范,clipmind-sop-core-s06-ondemand-touch-score,core/s06_ondemand_touch_score,全局质量规范,从用户共鸣、信任推进、价值感知和行动触发四个方向评估内容的真实触达能力。,$clipmind-sop-core-s06-ondemand-touch-score,未单独声明,skills/clipmind-sop-core-s06-ondemand-touch-score/
prompt,SOP 业务环节,用户语言一致性检查,clipmind-sop-core-s06-ondemand-language-gate,core/s06_ondemand_language_gate,全局质量规范,检查回答是否沿用用户的语言、专业程度和关键术语，避免突然切换腔调或误解表达。,$clipmind-sop-core-s06-ondemand-language-gate,vaultai-2026-06-27,skills/clipmind-sop-core-s06-ondemand-language-gate/
prompt,SOP 业务环节,结构化输出规范,clipmind-sop-core-s06-ondemand-structured-output,core/s06_ondemand_structured_output,全局质量规范,要求结果严格服从指定字段、类型和格式，避免多余解释、无效 JSON 与缺失必填项。,$clipmind-sop-core-s06-ondemand-structured-output,未单独声明,skills/clipmind-sop-core-s06-ondemand-structured-output/
prompt,SOP 业务环节,脚本生成规范,clipmind-sop-core-s06-ondemand-script-rules,core/s06_ondemand_script_rules,全局质量规范,约束脚本的开头钩子、内容推进、口语表达、证据使用、画面建议和人工审稿边界。,$clipmind-sop-core-s06-ondemand-script-rules,未单独声明,skills/clipmind-sop-core-s06-ondemand-script-rules/
prompt,SOP 业务环节,内容审稿,clipmind-sop-production-s06-6-review,production/s06_6_review,内容生产,"检查事实支撑、IP 一致性与内容风险,给修改意见。",$clipmind-sop-production-s06-6-review,vaultai-2026-07-03.2,skills/clipmind-sop-production-s06-6-review/
prompt,SOP 业务环节,定位匹配,clipmind-sop-production-s06-3-match-positioning,production/s06_3_match_positioning,内容生产,判断内容是否服务当前 IP 和用户行动理由。,$clipmind-sop-production-s06-3-match-positioning,vaultai-2026-07-03.2,skills/clipmind-sop-production-s06-3-match-positioning/
prompt,SOP 业务环节,情绪匹配,clipmind-sop-production-s06-4-match-emotion,production/s06_4_match_emotion,内容生产,"把用户关注点转成安全表达,避免焦虑放大和虚假承诺。",$clipmind-sop-production-s06-4-match-emotion,vaultai-2026-07-03.2,skills/clipmind-sop-production-s06-4-match-emotion/
prompt,SOP 业务环节,拍摄脚本生成,clipmind-sop-production-s06-5-script,production/s06_5_script,内容生产,"用爆款结构+平台表达产出脚本,保留人工审稿。",$clipmind-sop-production-s06-5-script,vaultai-2026-07-03.2,skills/clipmind-sop-production-s06-5-script/
prompt,SOP 业务环节,补拍建议,clipmind-sop-production-s06-7-reshoot,production/s06_7_reshoot,内容生产,说明证据缺口、平台表达补强和风险调整。,$clipmind-sop-production-s06-7-reshoot,vaultai-2026-07-03.2,skills/clipmind-sop-production-s06-7-reshoot/
prompt,SOP 业务环节,内容策略建议,clipmind-sop-ip-s03-strategy-suggestion,ip/s03_strategy_suggestion,内容策略,"承接当前 IP 定位、购买/信任理由与风险边界,给本轮策略。",$clipmind-sop-ip-s03-strategy-suggestion,vaultai-2026-07-03.2,skills/clipmind-sop-ip-s03-strategy-suggestion/
prompt,SOP 业务环节,内容计划建议,clipmind-sop-ip-s04-content-plan-suggestion,ip/s04_content_plan_suggestion,内容计划,"结合 IP、平台方向与来源证据,产出阶段计划而非泛化周计划。",$clipmind-sop-ip-s04-content-plan-suggestion,vaultai-2026-07-16,skills/clipmind-sop-ip-s04-content-plan-suggestion/
prompt,SOP 业务环节,单条选题建议,clipmind-sop-ip-s04-content-topic-suggestion,ip/s04_content_topic_suggestion,内容计划,基于当前编辑阶段生成类型稳定、不重复且等待人工保存的一条选题候选。,$clipmind-sop-ip-s04-content-topic-suggestion,vaultai-2026-07-16,skills/clipmind-sop-ip-s04-content-topic-suggestion/
prompt,SOP 业务环节,复盘总结,clipmind-sop-retrospect-s09-summary,retrospect/s09_summary,复盘,"区分事实/假设/待补数据,形成下周期学习。",$clipmind-sop-retrospect-s09-summary,vaultai-2026-07-03.2,skills/clipmind-sop-retrospect-s09-summary/
prompt,SOP 业务环节,IP 8 维度拆解,clipmind-sop-ip-s01-5-ip-breakdown,ip/s01_5_ip_breakdown,客户建档,按经历/结果/代价/判断/方法/案例/性格/稀缺性拆解 IP 内容素材。,$clipmind-sop-ip-s01-5-ip-breakdown,vaultai-2026-07-03.2,skills/clipmind-sop-ip-s01-5-ip-breakdown/
prompt,SOP 业务环节,业务诊断,clipmind-sop-ip-s02-diagnosis,ip/s02_diagnosis,客户建档,"拆解业务阶段/核心卡点/定位三问/产品阶梯,基于资料原文证据。",$clipmind-sop-ip-s02-diagnosis,vaultai-2026-07-03.2,skills/clipmind-sop-ip-s02-diagnosis/
prompt,SOP 业务环节,建档资料提炼,clipmind-sop-ip-s01-profile-extract,ip/s01_profile_extract,客户建档,"把建档资料作为证据包,提炼 8 个核心档案维度的字段级建议(终点身份铁律)。",$clipmind-sop-ip-s01-profile-extract,vaultai-2026-07-09.3,skills/clipmind-sop-ip-s01-profile-extract/
prompt,SOP 业务环节,档案草稿生成,clipmind-sop-ip-s01-profile-draft,ip/s01_profile_draft,客户建档,"基于真实资料生成贴合当前 IP 的档案草稿,保留人工确认边界。",$clipmind-sop-ip-s01-profile-draft,vaultai-2026-07-09.3,skills/clipmind-sop-ip-s01-profile-draft/
prompt,SOP 业务环节,发布建议,clipmind-sop-launch-s07-publish-suggestion,launch/s07_publish_suggestion,投放,"适配平台、承接转化理由,不自动发布、不违规承诺。",$clipmind-sop-launch-s07-publish-suggestion,vaultai-2026-07-03.2,skills/clipmind-sop-launch-s07-publish-suggestion/
prompt,SOP 业务环节,监控分析,clipmind-sop-feedback-s07-monitor-analysis,feedback/s07_monitor_analysis,数据反馈,"基于真实信号与平台表现分析,无数据时不断言无异常。",$clipmind-sop-feedback-s07-monitor-analysis,vaultai-2026-07-03,skills/clipmind-sop-feedback-s07-monitor-analysis/
prompt,SOP 业务环节,方法提炼,clipmind-sop-method-s09-method-extract,method/s09_method_extract,方法库,"判断爆款结构与复盘学习,沉淀方法候选(不自动入库)。",$clipmind-sop-method-s09-method-extract,vaultai-2026-07-03.2,skills/clipmind-sop-method-s09-method-extract/
prompt,SOP 业务环节,视频底层逻辑提炼,clipmind-sop-method-s10-method-underlying-logic,method/s10_method_underlying_logic,方法库,"提炼爆款的原理层(为什么爆),所有依据来自已有拆解证据。",$clipmind-sop-method-s10-method-underlying-logic,vaultai-2026-05-25,skills/clipmind-sop-method-s10-method-underlying-logic/
prompt,SOP 业务环节,爆款视频拆解,clipmind-sop-method-s09-2-video-breakdown,method/s09_2_video_breakdown,爆款方法库,基于视频、字幕或人工摘要拆解开头、结构、情绪、镜头、证据和转化收口，并标出不可照搬处。,$clipmind-sop-method-s09-2-video-breakdown,vaultai-2026-07-03.2,skills/clipmind-sop-method-s09-2-video-breakdown/
prompt,SOP 业务环节,观点提炼,clipmind-sop-viewpoint-s06-2-extract,viewpoint/s06_2_extract,素材观点,"区分事实、弱证据和边界风险,不把素材猜测当结论。",$clipmind-sop-viewpoint-s06-2-extract,vaultai-2026-07-03,skills/clipmind-sop-viewpoint-s06-2-extract/
prompt,SOP 业务环节,观点收集,clipmind-sop-viewpoint-s06-1-collect,viewpoint/s06_1_collect,素材观点,"判断素材来源是否可用,并保持与当前 IP 主题一致。",$clipmind-sop-viewpoint-s06-1-collect,vaultai-2026-07-03,skills/clipmind-sop-viewpoint-s06-1-collect/
prompt,SOP 业务环节,认知内容精修,clipmind-sop-visual-cognition-refine,visual/cognition_refine,视觉内容,精修认知内容的判断链、表达节奏、证据引用和自然度，保留 IP 原有观点与事实边界。,$clipmind-sop-visual-cognition-refine,vaultai-2026-06-28,skills/clipmind-sop-visual-cognition-refine/
prompt,SOP 业务环节,认知海报生成,clipmind-sop-visual-cognition-poster,visual/cognition_poster,视觉内容,把认知主题整理成海报标题、核心观点、证据文案、层级结构和可交给生图能力的视觉说明。,$clipmind-sop-visual-cognition-poster,vaultai-2026-06-28,skills/clipmind-sop-visual-cognition-poster/
prompt,SOP 业务环节,认知观点提炼,clipmind-sop-visual-cognition-viewpoints,visual/cognition_viewpoints,视觉内容,从认知内容和原始材料中提炼核心观点、支撑证据、可引用金句及需要人工核实的判断。,$clipmind-sop-visual-cognition-viewpoints,vaultai-2026-06-28e,skills/clipmind-sop-visual-cognition-viewpoints/
prompt,SOP 业务环节,认知视觉调整,clipmind-sop-visual-cognition-visual-adjust,visual/cognition_visual_adjust,视觉内容,根据内容重点和目标平台调整版式、信息层级、颜色、字体、留白与视觉强调建议。,$clipmind-sop-visual-cognition-visual-adjust,vaultai-2026-06-28,skills/clipmind-sop-visual-cognition-visual-adjust/
